{
  "_generated": "Generated by SweetTooth, do not edit", 
  "description": "Control MPRIS2 capable media players: Rhythmbox, Banshee, Clementine and more. Check the home page for more details.", 
  "locale": "/usr/local/share/locale", 
  "name": "Media player indicator", 
  "original-author": "eon@patapon.info", 
  "shell-version": [
    "3.10", 
    "3.12", 
    "3.14", 
    "3.16", 
    "3.18"
  ], 
  "url": "http://github.com/eonpatapon/gnome-shell-extensions-mediaplayer", 
  "uuid": "mediaplayer@patapon.info", 
  "version": 36
}